clinic_location,general_location,final_latitude,final_longitude
El-Mansoura,El-Mansoura,36.786091,9.9000163
El-Ibrahimia,El-Ibrahimia,28.4243751,30.7932891
6th of October,6th of October,29.9723458,30.9409205
El-Haram,El-Haram,29.9942663,31.1604591
Nasr City,Nasr City,30.0521177,31.3422045
El-Dokki,El-Dokki,30.0388955,31.2125563
El-Dokki,El-Dokki,30.0388955,31.2125563
El-Dokki,El-Dokki,30.0388955,31.2125563
6th of October,6th of October,29.9723458,30.9409205
Yousef Abbas,Yousef Abbas,29.5804817,31.2877833
"El-Maadi , Zahraa El Maadi Road Carefour","El-Maadi , Zahraa El Maadi Road Carefour",,
Nasr City,Nasr City,30.0521177,31.3422045
Nasr City,Nasr City,30.0521177,31.3422045
"Shoubra El-Kheima , 15th may","Shoubra El-Kheima , 15th may",,
"Moharam Bek , moharam bek","Moharam Bek , moharam bek",,
"El-Mohandessin , el Sudan Street","El-Mohandessin , el Sudan Street",,
El-Dokki,El-Dokki,30.0388955,31.2125563
"Nasr City , Zaker Hussien Street-District 7","Nasr City , Zaker Hussien Street-District 7",,
El-Dokki,El-Dokki,30.0388955,31.2125563
"Nasr City , Ibrahim Nawar parallel to Ahmed Fakhry - Sixth Region.","Nasr City , Ibrahim Nawar parallel to Ahmed Fakhry - Sixth Region.",,
Shoubra El-Kheima,Shoubra El-Kheima,30.0800186,31.245269
"El-Zagazig , al kwmya street","El-Zagazig , al kwmya street",,
Shoubra,Shoubra,31.0295879,30.458754
"New Cairo , beside new cairo court","New Cairo , beside new cairo court",,
"El-Mansoura , sandob square","El-Mansoura , sandob square",,
"El-Mokattam , Street 9","El-Mokattam , Street 9",,
"El-Sheikh Zayed , Mouez plaza-","El-Sheikh Zayed , Mouez plaza-",,
"Tanta , Elmoderya st","Tanta , Elmoderya st",,
"El-Giza , Morad street","El-Giza , Morad street",,
"Shoubra El-Kheima , 15 May, St.","Shoubra El-Kheima , 15 May, St.",,
"El-Zaitoun , Seliem El Awal","El-Zaitoun , Seliem El Awal",,
El-Mansoura,El-Mansoura,36.786091,9.9000163
El-Ibrahimia,El-Ibrahimia,28.4243751,30.7932891
6th of October,6th of October,29.9723458,30.9409205
El-Haram,El-Haram,29.9942663,31.1604591
Nasr City,Nasr City,30.0521177,31.3422045
Hadayek El-Ahram,Hadayek El-Ahram,29.9699896,31.0973269
El-Abbasia,El-Abbasia,30.0648589,31.2916881
"El-Mohandessin , ahmed orabi","El-Mohandessin , ahmed orabi",,
El-Mokattam,El-Mokattam,30.0221089,31.2683682
"El-Maadi , 77 Street Extension - Arab El Maadi","El-Maadi , 77 Street Extension - Arab El Maadi",,
"Faisal , faisal main street","Faisal , faisal main street",,
New Cairo,New Cairo,30.0277688,31.4756825
"Nasr City , Ahmed qasim branched from abbas elakaad","Nasr City , Ahmed qasim branched from abbas elakaad",,
"Sidy Bishr , 196 Gamal Abdelnasser st, - Beside Baba Sharo.","Sidy Bishr , 196 Gamal Abdelnasser st, - Beside Baba Sharo.",,
"Faisal , Huda Mosque Street","Faisal , Huda Mosque Street",,
"Nasr City , metwally el shaarawy","Nasr City , metwally el shaarawy",,
Miamy,Miamy,-23.4461564,-51.8861956
"Faisal , king Faisal Street","Faisal , king Faisal Street",,
"Faisal , gendia  mall _eltawabek","Faisal , gendia  mall _eltawabek",,
"El-Mansoura , gehan","El-Mansoura , gehan",,
"El-Zagazig , mahmoud hashem street-Kawmya","El-Zagazig , mahmoud hashem street-Kawmya",,
"El-Mansoura , salah salem street","El-Mansoura , salah salem street",,
"El-Dokki , Wezaret El Zeraa Street","El-Dokki , Wezaret El Zeraa Street",,
"Faisal , 106 king fisal above ahli bank front of vodafone maryotya","Faisal , 106 king fisal above ahli bank front of vodafone maryotya",,
Sidy Bishr,Sidy Bishr,,
"New Cairo , 90","New Cairo , 90",,
"Hadayek El-Ahram , Fifth North Street after Menkaure Gate","Hadayek El-Ahram , Fifth North Street after Menkaure Gate",,
"Shoubra , shikolany","Shoubra , shikolany",,
"Assiut city , yousry ragheb extention","Assiut city , yousry ragheb extention",,
"El-Sayeda Zainab , A Elkasr Eleini","El-Sayeda Zainab , A Elkasr Eleini",,
"Sidy Bishr , Alaman st. from sidi Beshr mosque st.","Sidy Bishr , Alaman st. from sidi Beshr mosque st.",,
El-Maadi,El-Maadi,36.6117091,4.6680878
El-Mansoura,El-Mansoura,36.786091,9.9000163
El-Ibrahimia,El-Ibrahimia,28.4243751,30.7932891
6th of October,6th of October,29.9723458,30.9409205
El-Haram,El-Haram,29.9942663,31.1604591
Nasr City,Nasr City,30.0521177,31.3422045
El-Zagazig,El-Zagazig,30.5950402,31.5125611
"El-Zagazig , mahmoud hashem street-Kawmya","El-Zagazig , mahmoud hashem street-Kawmya",,
El-Mokattam,El-Mokattam,30.0221089,31.2683682
"Faisal , gendia  mall _eltawabek","Faisal , gendia  mall _eltawabek",,
"El-Dokki , Wezaret El Zeraa Street","El-Dokki , Wezaret El Zeraa Street",,
"El-Zagazig , ,  El Obour Bridge extension","El-Zagazig , ,  El Obour Bridge extension",,
"Shoubra , shoubra street","Shoubra , shoubra street",,
El-Fayoum city,El-Fayoum city,29.3074076,30.8399651
"Hadayek El-Ahram , Fifth North Street after Menkaure Gate","Hadayek El-Ahram , Fifth North Street after Menkaure Gate",,
"New Cairo , 90","New Cairo , 90",,
"Assiut city , yousry ragheb extention","Assiut city , yousry ragheb extention",,
Sidy Bishr,Sidy Bishr,,
"Heliopolis , othman ibn affan","Heliopolis , othman ibn affan",,
"Tanta , saeed with omar abd el3aziz","Tanta , saeed with omar abd el3aziz",,
"Shoubra , shikolany","Shoubra , shikolany",,
El-Mokattam,El-Mokattam,30.0221089,31.2683682
"Faisal , 106 king fisal above ahli bank front of vodafone maryotya","Faisal , 106 king fisal above ahli bank front of vodafone maryotya",,
"El-Sayeda Zainab , A Elkasr Eleini","El-Sayeda Zainab , A Elkasr Eleini",,
"El-Zagazig , next to sednawy hospital","El-Zagazig , next to sednawy hospital",,
"Hadayek El-Ahram , Gardenia Street","Hadayek El-Ahram , Gardenia Street",,
6th of October,6th of October,29.9723458,30.9409205
"New Cairo , El Narges Services Area","New Cairo , El Narges Services Area",,
"Sidy Bishr , Alaman st. from sidi Beshr mosque st.","Sidy Bishr , Alaman st. from sidi Beshr mosque st.",,
El-Mansoura,El-Mansoura,36.786091,9.9000163
"Nasr City ,  Mohamed Almakreif","Nasr City ,  Mohamed Almakreif",,
"Madinaty , Medical Center","Madinaty , Medical Center",,
"Hadayek El-Ahram , elgish street","Hadayek El-Ahram , elgish street",,
"El-Maadi , carrefour road","El-Maadi , carrefour road",,
"Faisal , fisal street","Faisal , fisal street",,
"Sidy Bishr , 41 Albekbashy Elesawy st., in front of the Computer Mall.","Sidy Bishr , 41 Albekbashy Elesawy st., in front of the Computer Mall.",,
El-Mansoura,El-Mansoura,36.786091,9.9000163
El-Ibrahimia,El-Ibrahimia,28.4243751,30.7932891
6th of October,6th of October,29.9723458,30.9409205
El-Haram,El-Haram,29.9942663,31.1604591
Nasr City,Nasr City,30.0521177,31.3422045
El-Dokki,El-Dokki,30.0388955,31.2125563
"El-Dokki , Tiba St from Gamaet Dwol","El-Dokki , Tiba St from Gamaet Dwol",,
"Heliopolis , Ahmed el Dardiry, Ard El Golf","Heliopolis , Ahmed el Dardiry, Ard El Golf",,
El-Dokki,El-Dokki,30.0388955,31.2125563
06-Oct,06-Oct,22.5369227,113.9779003
"El-Manyal , Elmanial street","El-Manyal , Elmanial street",,
El-Dokki,El-Dokki,30.0388955,31.2125563
Alharam street,Alharam street,15.2855885,44.2258985
"Tanta , El-Geish St.  with Al-Galaa st. Al-Awkaf tower .","Tanta , El-Geish St.  with Al-Galaa st. Al-Awkaf tower .",,
"Faisal , Faisal First","Faisal , Faisal First",,
"6th of October , in front of wadi degla club","6th of October , in front of wadi degla club",,
"Heliopolis , -behind Miliatry College","Heliopolis , -behind Miliatry College",,
Faisal,Faisal,30.0978834,32.4856496
"El-Mansoura , Marinet Mubarak Madina Monawara st.","El-Mansoura , Marinet Mubarak Madina Monawara st.",,
Helwan,Helwan,29.8500001,31.333333
"El-Haram , Station Mashaal","El-Haram , Station Mashaal",,
"Hadayek El-Ahram , z","Hadayek El-Ahram , z",,
Alharam street,Alharam street,15.2855885,44.2258985
"El-Rehab , Medical Complex 1","El-Rehab , Medical Complex 1",,
"Heliopolis , hassan aflaton","Heliopolis , hassan aflaton",,
90 Street,90 Street,25.3765768,55.4139127
"Faisal , King Faisal","Faisal , King Faisal",,
Naguib mahfouz,Naguib mahfouz,31.9047407,35.1894873
"El-Mansoura , el gomhoria street","El-Mansoura , el gomhoria street",,
Shoubra El-Kheima,Shoubra El-Kheima,30.0800186,31.245269
Menouf,Menouf,30.4626909,30.9388785
"El-Sheikh Zayed , twin tower -","El-Sheikh Zayed , twin tower -",,
"El-Obour City , 9th district","El-Obour City , 9th district",,
El-Mansoura,El-Mansoura,36.786091,9.9000163
El-Ibrahimia,El-Ibrahimia,28.4243751,30.7932891
6th of October,6th of October,29.9723458,30.9409205
El-Haram,El-Haram,29.9942663,31.1604591
Nasr City,Nasr City,30.0521177,31.3422045
Mahatet El-Raml,Mahatet El-Raml,31.201541,29.9013501
El-Dokki,El-Dokki,30.0388955,31.2125563
Khamseen Street (Carrefour extension) - Zahraa AlMaadi,Khamseen Street (Carrefour extension) - Zahraa AlMaadi,,
"Ali Amin Street, Al Manteqah Al Oula","Ali Amin Street, Al Manteqah Al Oula",,
El-Dokki,El-Dokki,30.0388955,31.2125563
"El-Dokki , Tahrir Street-infront Of Asad Abn Elfourat mosque","El-Dokki , Tahrir Street-infront Of Asad Abn Elfourat mosque",,
06-Oct,06-Oct,22.5369227,113.9779003
Nasr City,Nasr City,30.0521177,31.3422045
"El-Rehab , Medical Complex 1","El-Rehab , Medical Complex 1",,
"Heliopolis , hassan aflaton","Heliopolis , hassan aflaton",,
90 Street,90 Street,25.3765768,55.4139127
"Faisal , King Faisal","Faisal , King Faisal",,
Naguib mahfouz,Naguib mahfouz,31.9047407,35.1894873
"El-Mansoura , el gomhoria street","El-Mansoura , el gomhoria street",,
Shoubra El-Kheima,Shoubra El-Kheima,30.0800186,31.245269
Menouf,Menouf,30.4626909,30.9388785
"El-Sheikh Zayed , twin tower -","El-Sheikh Zayed , twin tower -",,
"El-Obour City , 9th district","El-Obour City , 9th district",,
06-Oct,06-Oct,22.5369227,113.9779003
micheel bakhoum,micheel bakhoum,,
"Miamy , gamal abdelnasser","Miamy , gamal abdelnasser",,
El-Dokki,El-Dokki,30.0388955,31.2125563
"Aga , elgalaa street","Aga , elgalaa street",,
"Banha , El Ashraf Street","Banha , El Ashraf Street",,
"Moharam Bek , moharm bek st","Moharam Bek , moharm bek st",,
"West El-Balad , kasr el neil st","West El-Balad , kasr el neil st",,
"6th of October , in front of wadi degla club","6th of October , in front of wadi degla club",,
Faisal,Faisal,30.0978834,32.4856496
El-Mansoura,El-Mansoura,36.786091,9.9000163
El-Ibrahimia,El-Ibrahimia,28.4243751,30.7932891
6th of October,6th of October,29.9723458,30.9409205
El-Haram,El-Haram,29.9942663,31.1604591
Nasr City,Nasr City,30.0521177,31.3422045
"El-Haram , Station Mashaal","El-Haram , Station Mashaal",,
"El-Mokattam , Middle Hadaba","El-Mokattam , Middle Hadaba",,
"El-Mansoura ,  hamza ebn abdelmotleb street","El-Mansoura ,  hamza ebn abdelmotleb street",,
"El-Mansoura , abdo maarof street","El-Mansoura , abdo maarof street",,
"Hurghada City , Mohamed Said St. (Metro), El Kawther","Hurghada City , Mohamed Said St. (Metro), El Kawther",,
"El-Dokki , Mosdak Street","El-Dokki , Mosdak Street",,
"El-Sheikh Zayed , twin tower -","El-Sheikh Zayed , twin tower -",,
"El-Rehab , Medical Complex 1","El-Rehab , Medical Complex 1",,
"Sporting , Ahmed Allam st from elHorya Road","Sporting , Ahmed Allam st from elHorya Road",,
Fifth Settlement Medical Center,Fifth Settlement Medical Center,,
"El-Mansoura , Marinet Mubarak Madina Monawara st.","El-Mansoura , Marinet Mubarak Madina Monawara st.",,
"6th of October , in front of wadi degla club","6th of October , in front of wadi degla club",,
Faisal,Faisal,30.0978834,32.4856496
"Mahalla , Talaat Harb street","Mahalla , Talaat Harb street",,
Faisal street,Faisal street,31.5587847,74.289134
Mahalla,Mahalla,40.0155864,64.7677952
"El-Agamy , Goweida moftah street","El-Agamy , Goweida moftah street",,
El-Dokki,El-Dokki,30.0388955,31.2125563
"Aga , elgalaa street","Aga , elgalaa street",,
"Heliopolis , Elmontazah St from ElHegaz St","Heliopolis , Elmontazah St from ElHegaz St",,
Maadi Ring Road,Maadi Ring Road,29.9934593,31.3850161
"Hadayek El-Ahram , z","Hadayek El-Ahram , z",,
El-Dokki,El-Dokki,30.0388955,31.2125563
"El-Giza , Hamadan","El-Giza , Hamadan",,
"6th of October , al mehwar al markzi","6th of October , al mehwar al markzi",,
Nasr City,Nasr City,30.0521177,31.3422045
06-Oct,06-Oct,22.5369227,113.9779003
Heliopolis,Heliopolis,-10.6753416,-38.2815308
El-Mansoura,El-Mansoura,36.786091,9.9000163
El-Ibrahimia,El-Ibrahimia,28.4243751,30.7932891
6th of October,6th of October,29.9723458,30.9409205
El-Haram,El-Haram,29.9942663,31.1604591
Nasr City,Nasr City,30.0521177,31.3422045
Helwan,Helwan,29.8500001,31.333333
Faisal street,Faisal street,31.5587847,74.289134
"Mahalla , Talaat Harb street","Mahalla , Talaat Harb street",,
Mahalla,Mahalla,40.0155864,64.7677952
El-Ibrahimia,El-Ibrahimia,28.4243751,30.7932891
"El-Zagazig , tolba eweda street infront of salah salem hospital above lcwikiki","El-Zagazig , tolba eweda street infront of salah salem hospital above lcwikiki",,
Alharam street,Alharam street,15.2855885,44.2258985
El-Dokki,El-Dokki,30.0388955,31.2125563
Heliopolis,Heliopolis,-10.6753416,-38.2815308
"Heliopolis , -behind Miliatry College","Heliopolis , -behind Miliatry College",,
"Aga , elgalaa street","Aga , elgalaa street",,
"Heliopolis , Elmontazah St from ElHegaz St","Heliopolis , Elmontazah St from ElHegaz St",,
Maadi Ring Road,Maadi Ring Road,29.9934593,31.3850161
"Hadayek El-Ahram , z","Hadayek El-Ahram , z",,
El-Dokki,El-Dokki,30.0388955,31.2125563
"El-Giza , Hamadan","El-Giza , Hamadan",,
"6th of October , al mehwar al markzi","6th of October , al mehwar al markzi",,
Heliopolis,Heliopolis,-10.6753416,-38.2815308
"El-Dokki , Musadak Street-Infront Of Dunkin Donuts","El-Dokki , Musadak Street-Infront Of Dunkin Donuts",,
"Nasr City , Mostafa elnhas St","Nasr City , Mostafa elnhas St",,
"El-Maadi , 9th St.","El-Maadi , 9th St.",,
Nasr City,Nasr City,30.0521177,31.3422045
06-Oct,06-Oct,22.5369227,113.9779003
"El-Mokattam , 9 street","El-Mokattam , 9 street",,
"El-Mohandessin , Alfawakh St","El-Mohandessin , Alfawakh St",,
6th of October,6th of October,29.9723458,30.9409205
"Tanta , El-Geish st.  with Al- Galaa st.- Al-Awkaf  tower","Tanta , El-Geish st.  with Al- Galaa st.- Al-Awkaf  tower",,
"Hadayek El-Ahram , first entrance of first gate","Hadayek El-Ahram , first entrance of first gate",,
"Hadayek El-Ahram , El Geish street","Hadayek El-Ahram , El Geish street",,
"El-Maadi , Al Nasr St. - Gazaer Square","El-Maadi , Al Nasr St. - Gazaer Square",,
El-Mokattam,El-Mokattam,30.0221089,31.2683682
"El-Mokattam , Behinde pharmacy college MTI, AlHdba AlWosta","El-Mokattam , Behinde pharmacy college MTI, AlHdba AlWosta",,
El-Rehab,El-Rehab,30.063584,31.4889939
"El-Mokattam , 9 street","El-Mokattam , 9 street",,
"Heliopolis , botrous ghaly street","Heliopolis , botrous ghaly street",,
Hadayek El-Ahram,Hadayek El-Ahram,29.9699896,31.0973269
Hadayek El-Ahram,Hadayek El-Ahram,29.9699896,31.0973269
"6th of October , Borie Plaza 1-Elhossary Square","6th of October , Borie Plaza 1-Elhossary Square",,
"Imbaba , Elwahda street","Imbaba , Elwahda street",,
Fifth Settlement Medical Center,Fifth Settlement Medical Center,,
El-Mansoura,El-Mansoura,36.786091,9.9000163
El-Ibrahimia,El-Ibrahimia,28.4243751,30.7932891
6th of October,6th of October,29.9723458,30.9409205
El-Haram,El-Haram,29.9942663,31.1604591
Nasr City,Nasr City,30.0521177,31.3422045
"El-Mohandessin , Alfawakh St","El-Mohandessin , Alfawakh St",,
"Hadayek El-Ahram , El Geish street","Hadayek El-Ahram , El Geish street",,
"El-Haram , Haram","El-Haram , Haram",,
"El-Zaitoun , Selim Elawal Street-Egypt Air Towers-Above Eltayaran Supermarket","El-Zaitoun , Selim Elawal Street-Egypt Air Towers-Above Eltayaran Supermarket",,
"Nasr City , ahmad elzumor","Nasr City , ahmad elzumor",,
El-Mokattam,El-Mokattam,30.0221089,31.2683682
El-Mohandessin,El-Mohandessin,30.0583951,31.2020231
151 Street - Horreya Square,151 Street - Horreya Square,,
"Hadayek El-Ahram , first entrance of first gate","Hadayek El-Ahram , first entrance of first gate",,
"Shibin El-Kom , hakma square","Shibin El-Kom , hakma square",,
"Tanta , El-Geish st.  with Al- Galaa st.- Al-Awkaf  tower","Tanta , El-Geish st.  with Al- Galaa st.- Al-Awkaf  tower",,
north Teseen ST,north Teseen ST,,
06-Oct,06-Oct,22.5369227,113.9779003
El-Maadi,El-Maadi,36.6117091,4.6680878
"El-Zagazig , obour bridge next to sawaf restaurant","El-Zagazig , obour bridge next to sawaf restaurant",,
El-Obour City,El-Obour City,30.1914,31.450548
El-Rehab,El-Rehab,30.063584,31.4889939
"6th of October , Central Axis","6th of October , Central Axis",,
Imbaba,Imbaba,14.5618548,0.8720522
El-Maadi,El-Maadi,36.6117091,4.6680878
Shibin El-Kom,Shibin El-Kom,30.5545106,31.0097923
"Banha , 5 ibn Hagag street","Banha , 5 ibn Hagag street",,
"El-Mansoura , 6 october street branched from ahmed maher street","El-Mansoura , 6 october street branched from ahmed maher street",,
Nasr City,Nasr City,30.0521177,31.3422045
"Nasr City , AbdElhamid awad","Nasr City , AbdElhamid awad",,
"El-Maadi , Elnasr Street","El-Maadi , Elnasr Street",,
El-Mansoura,El-Mansoura,36.786091,9.9000163
El-Ibrahimia,El-Ibrahimia,28.4243751,30.7932891
6th of October,6th of October,29.9723458,30.9409205
El-Haram,El-Haram,29.9942663,31.1604591
Nasr City,Nasr City,30.0521177,31.3422045
"West El-Balad , el tahreer street","West El-Balad , el tahreer street",,
El-Badrashin,El-Badrashin,29.8531211,31.2780759
"Faisal , Elatabaa Building Fasil Elnadii St","Faisal , Elatabaa Building Fasil Elnadii St",,
El-Mansoura,El-Mansoura,36.786091,9.9000163
El-Zagazig,El-Zagazig,30.5950402,31.5125611
"El-Mansoura , el mahta square","El-Mansoura , el mahta square",,
"Faisal , khaled ibn waleed st","Faisal , khaled ibn waleed st",,
El-Rehab,El-Rehab,30.063584,31.4889939
"El-Zagazig , obour bridge next to sawaf restaurant","El-Zagazig , obour bridge next to sawaf restaurant",,
"Nasr City , mostafa elnahas","Nasr City , mostafa elnahas",,
"6th of October , Central Axis","6th of October , Central Axis",,
Imbaba,Imbaba,14.5618548,0.8720522
El-Maadi,El-Maadi,36.6117091,4.6680878
Shibin El-Kom,Shibin El-Kom,30.5545106,31.0097923
"El-Mansoura , 6 october street branched from ahmed maher street","El-Mansoura , 6 october street branched from ahmed maher street",,
Nasr City,Nasr City,30.0521177,31.3422045
"Banha , 5 ibn Hagag street","Banha , 5 ibn Hagag street",,
6th of October,6th of October,29.9723458,30.9409205
"Heliopolis , Al Hegaz - Heliopolis Square.","Heliopolis , Al Hegaz - Heliopolis Square.",,
"El-Manyal , manyal street","El-Manyal , manyal street",,
Nasr City,Nasr City,30.0521177,31.3422045
north teseen street,north teseen street,,
"El-Maadi , Sakr Quraysh, Al Bahs Al Genaea","El-Maadi , Sakr Quraysh, Al Bahs Al Genaea",,
Heliopolis,Heliopolis,-10.6753416,-38.2815308
"El-Giza , mourad","El-Giza , mourad",,
6th of October,6th of October,29.9723458,30.9409205
6th of October,6th of October,29.9723458,30.9409205
Janaklees,Janaklees,,
"El-Manyal , Almanial main Street","El-Manyal , Almanial main Street",,
El-Mansoura,El-Mansoura,36.786091,9.9000163
El-Ibrahimia,El-Ibrahimia,28.4243751,30.7932891
6th of October,6th of October,29.9723458,30.9409205
El-Haram,El-Haram,29.9942663,31.1604591
Nasr City,Nasr City,30.0521177,31.3422045
"El-Mansoura , el mahta square","El-Mansoura , el mahta square",,
"El-Fayoum city , elmsla next to misr for insurance building next to city tower","El-Fayoum city , elmsla next to misr for insurance building next to city tower",,
"Shibin El-Kom , sharaf square dewan tower","Shibin El-Kom , sharaf square dewan tower",,
El-Shorouk,El-Shorouk,26.1216587,34.2553483
"Banha , behind mohafza","Banha , behind mohafza",,
Shibin El-Kom,Shibin El-Kom,30.5545106,31.0097923
6th of October,6th of October,29.9723458,30.9409205
"El-Zagazig , tolba eweda street","El-Zagazig , tolba eweda street",,
"El-Sayeda Zainab , Port Saeed Street","El-Sayeda Zainab , Port Saeed Street",,
"West El-Balad , Mohamed farid - Abdein","West El-Balad , Mohamed farid - Abdein",,
"El-Maadi , Sakr Quraysh, Al Bahs Al Genaea","El-Maadi , Sakr Quraysh, Al Bahs Al Genaea",,
Janaklees,Janaklees,,
"El-Manyal , Almanial main Street","El-Manyal , Almanial main Street",,
"El-Mansoura , kanat el swiss st","El-Mansoura , kanat el swiss st",,
Faisal,Faisal,30.0978834,32.4856496
"Heliopolis , hegaz street","Heliopolis , hegaz street",,
"10th of Ramadan , Ordinia St.","10th of Ramadan , Ordinia St.",,
6th of October,6th of October,29.9723458,30.9409205
Maadi Ring Road,Maadi Ring Road,29.9934593,31.3850161
El-Maadi,El-Maadi,36.6117091,4.6680878
"Nasr City , Mohamed Radwan ST _ Al Hay Al Asher","Nasr City , Mohamed Radwan ST _ Al Hay Al Asher",,
Heliopolis,Heliopolis,-10.6753416,-38.2815308
Shibin El-Kom,Shibin El-Kom,30.5545106,31.0097923
north teseen street,north teseen street,,
Nasr City,Nasr City,30.0521177,31.3422045
"El-Giza , mourad","El-Giza , mourad",,
6th of October,6th of October,29.9723458,30.9409205
El-Mansoura,El-Mansoura,36.786091,9.9000163
El-Ibrahimia,El-Ibrahimia,28.4243751,30.7932891
6th of October,6th of October,29.9723458,30.9409205
El-Haram,El-Haram,29.9942663,31.1604591
Nasr City,Nasr City,30.0521177,31.3422045
"New Cairo , abdallah ibn salama","New Cairo , abdallah ibn salama",,
Miamy,Miamy,-23.4461564,-51.8861956
"El-Maadi ,  ElNasr","El-Maadi ,  ElNasr",,
"El-Sheikh Zayed , Twin Towers-Elmehwar Elmarkazi","El-Sheikh Zayed , Twin Towers-Elmehwar Elmarkazi",,
"El-Maadi , 4 street 100 from street 105 - Horria sq Maadi","El-Maadi , 4 street 100 from street 105 - Horria sq Maadi",,
"Faisal , king Faisal St -tamimi","Faisal , king Faisal St -tamimi",,
"Bakos , Moastafa kamel","Bakos , Moastafa kamel",,
El-Haram,El-Haram,29.9942663,31.1604591
6th of October,6th of October,29.9723458,30.9409205
"Heliopolis , Triumph square (Nakhla moteey)","Heliopolis , Triumph square (Nakhla moteey)",,
"El-Matareya , Beet El Ezz 2 building - Matareya square - Building A - Third floor","El-Matareya , Beet El Ezz 2 building - Matareya square - Building A - Third floor",,
"Heliopolis , Esmail Ramzy Street","Heliopolis , Esmail Ramzy Street",,
"El-Manyal , Manial","El-Manyal , Manial",,
"El-Zaitoun , salim el-Awal st.","El-Zaitoun , salim el-Awal st.",,
"Faisal , king faisal street","Faisal , king faisal street",,
"El-Mohandessin , Omar Toson","El-Mohandessin , Omar Toson",,
"El-Obour City , Al Obour center","El-Obour City , Al Obour center",,
Faisal,Faisal,30.0978834,32.4856496
"Faisal , king faisal","Faisal , king faisal",,
"El-Maadi , ElNasr","El-Maadi , ElNasr",,
El-Mansoura,El-Mansoura,36.786091,9.9000163
El-Ibrahimia,El-Ibrahimia,28.4243751,30.7932891
6th of October,6th of October,29.9723458,30.9409205
El-Haram,El-Haram,29.9942663,31.1604591
Nasr City,Nasr City,30.0521177,31.3422045
"Faisal , fisal street","Faisal , fisal street",,
"El-Maadi , street 287","El-Maadi , street 287",,
El-Mansoura,El-Mansoura,36.786091,9.9000163
"Nasr City ,  Mohamed Almakreif","Nasr City ,  Mohamed Almakreif",,
"Madinaty , Medical Center","Madinaty , Medical Center",,
"Hadayek El-Kobba , Abdelgleel street from Ibn Sender","Hadayek El-Kobba , Abdelgleel street from Ibn Sender",,
"El-Haram , Haram Street Nasr eldin Station","El-Haram , Haram Street Nasr eldin Station",,
"Victoria , Gamal Abdelnaser","Victoria , Gamal Abdelnaser",,
"El-Haram , 93 el haram street - beside city mall","El-Haram , 93 el haram street - beside city mall",,
"6th of October , Central Axis","6th of October , Central Axis",,
"El-Haram , madkour","El-Haram , madkour",,
"El-Sheikh Zayed , Beverly Hills-gate 9","El-Sheikh Zayed , Beverly Hills-gate 9",,
"Mahalla , El-shon","Mahalla , El-shon",,
"El-Haram ,  Salam","El-Haram ,  Salam",,
"Assiut city , Yusri Ragheb St.","Assiut city , Yusri Ragheb St.",,
"Nasr City , makram ebeid","Nasr City , makram ebeid",,
"Banha , el safaa","Banha , el safaa",,
"El-Maadi , Al Nasr Street","El-Maadi , Al Nasr Street",,
"El-Dokki , El Tahrir st.","El-Dokki , El Tahrir st.",,
"Nasr City , abo dawood zahry","Nasr City , abo dawood zahry",,
"New Cairo , 90 Street","New Cairo , 90 Street",,
"El-Mansoura , Al seka algdeda","El-Mansoura , Al seka algdeda",,
"Imbaba , Main wehda street","Imbaba , Main wehda street",,
El-Sheikh Zayed,El-Sheikh Zayed,30.048347,30.9832235
"Ain Shams , 70 Khaled Ebn El Waleed st., From Mostafa Hafez st., Beside Zaher, Guesr El Suez st., In front of El Shams club","Ain Shams , 70 Khaled Ebn El Waleed st., From Mostafa Hafez st., Beside Zaher, Guesr El Suez st., In front of El Shams club",,
"Faisal , hassan mohamed station-Feisal","Faisal , hassan mohamed station-Feisal",,
"Shibin El-Kom , Abo Bakr Elsedeek","Shibin El-Kom , Abo Bakr Elsedeek",,
"Hadayek El-Ahram , 2nd gate khafra","Hadayek El-Ahram , 2nd gate khafra",,
El-Mansoura,El-Mansoura,36.786091,9.9000163
El-Ibrahimia,El-Ibrahimia,28.4243751,30.7932891
6th of October,6th of October,29.9723458,30.9409205
El-Haram,El-Haram,29.9942663,31.1604591
Nasr City,Nasr City,30.0521177,31.3422045
"El-Manyal , Saeed Tho Al fakar Street - branched from El basha square","El-Manyal , Saeed Tho Al fakar Street - branched from El basha square",,
"6th of October , El Mehwar El Markazy","6th of October , El Mehwar El Markazy",,
"Heliopolis ,  Bridge","Heliopolis ,  Bridge",,
"El-Rehab , Rehab , medical centre 2 , clinic 109","El-Rehab , Rehab , medical centre 2 , clinic 109",,
"El-Sheikh Zayed , Twin Towers","El-Sheikh Zayed , Twin Towers",,
"Nasr City ,  ahmed el zomor","Nasr City ,  ahmed el zomor",,
"El-Agamy , Kilometer 21 square,","El-Agamy , Kilometer 21 square,",,
"Nasr City , Mostafa nhas St","Nasr City , Mostafa nhas St",,
"El-Mokattam , 9 S.t","El-Mokattam , 9 S.t",,
"Sporting , Port Saeid St.,","Sporting , Port Saeid St.,",,
El-Haram,El-Haram,29.9942663,31.1604591
"6th of October , omrania tanua","6th of October , omrania tanua",,
"West El-Balad ,  Mohamed farid","West El-Balad ,  Mohamed farid",,
"El-Agamy , Alrxandria- matrouh road","El-Agamy , Alrxandria- matrouh road",,
Nasr City,Nasr City,30.0521177,31.3422045
"Heliopolis , bagdad st.","Heliopolis , bagdad st.",,
"Nasr City , mostafa el nahhas street","Nasr City , mostafa el nahhas street",,
"El-Zagazig , vilal gamaa street next to madina mosque","El-Zagazig , vilal gamaa street next to madina mosque",,
"El-Mohandessin ,  shehab street","El-Mohandessin ,  shehab street",,
"El-Maadi ,  El Horya Square","El-Maadi ,  El Horya Square",,
"El-Sheikh Zayed , Twin Towers-Elmehwar Elmarkazi","El-Sheikh Zayed , Twin Towers-Elmehwar Elmarkazi",,
"El-Manyal , El Manyal","El-Manyal , El Manyal",,
"El-Obour City , Al Obour center","El-Obour City , Al Obour center",,
El-Mansoura,El-Mansoura,36.786091,9.9000163
El-Ibrahimia,El-Ibrahimia,28.4243751,30.7932891
6th of October,6th of October,29.9723458,30.9409205
El-Haram,El-Haram,29.9942663,31.1604591
Nasr City,Nasr City,30.0521177,31.3422045
"Heliopolis ,  Bridge","Heliopolis ,  Bridge",,
"Faisal ,  Faisal","Faisal ,  Faisal",,
"Nasr City ,  ahmed el zomor","Nasr City ,  ahmed el zomor",,
"El-Agamy , Kilometer 21 square,","El-Agamy , Kilometer 21 square,",,
"El-Mokattam , 9 S.t","El-Mokattam , 9 S.t",,
"West El-Balad ,  Mohamed farid","West El-Balad ,  Mohamed farid",,
"El-Obour City , Alsadat St.","El-Obour City , Alsadat St.",,
"El-Mansoura , Hussein bek street in front of family regulation office","El-Mansoura , Hussein bek street in front of family regulation office",,
Miamy,Miamy,-23.4461564,-51.8861956
Faisal,Faisal,30.0978834,32.4856496
"New Cairo , abdallah ibn salama","New Cairo , abdallah ibn salama",,
"El-Rehab , el sadat axis-The corner mall","El-Rehab , el sadat axis-The corner mall",,
"New Cairo , 3rd block","New Cairo , 3rd block",,
trablous,trablous,,
"6th of October , 4th District - 3rd Neighborhood","6th of October , 4th District - 3rd Neighborhood",,
6th of October,6th of October,29.9723458,30.9409205
"Shoubra El-Kheima , ElSharea ElGded","Shoubra El-Kheima , ElSharea ElGded",,
New Cairo,New Cairo,30.0277688,31.4756825
"Shoubra El-Kheima , 15 may street across the new street","Shoubra El-Kheima , 15 may street across the new street",,
"El-Matareya , El horeya street","El-Matareya , El horeya street",,
"Nasr City , Gafar Elsadek st branched from eltayaran","Nasr City , Gafar Elsadek st branched from eltayaran",,
"El-Maadi , 77 St.","El-Maadi , 77 St.",,
Heliopolis,Heliopolis,-10.6753416,-38.2815308
"Faisal , king  Faisal taawon","Faisal , king  Faisal taawon",,
Faisal,Faisal,30.0978834,32.4856496
"Shoubra , 15 may street","Shoubra , 15 may street",,
"El-Mansheyah , Hamam El Warsha","El-Mansheyah , Hamam El Warsha",,
El-Mansoura,El-Mansoura,36.786091,9.9000163
El-Ibrahimia,El-Ibrahimia,28.4243751,30.7932891
6th of October,6th of October,29.9723458,30.9409205
El-Haram,El-Haram,29.9942663,31.1604591
Nasr City,Nasr City,30.0521177,31.3422045
"Faisal , Faisal","Faisal , Faisal",,
Ain Shams,Ain Shams,30.1304761,31.3167491
"El-Haram ,  Abo emera street","El-Haram ,  Abo emera street",,
"El-Maadi , 153","El-Maadi , 153",,
"El-Maadi , 9","El-Maadi , 9",,
"El-Obour City , Alsadat St.","El-Obour City , Alsadat St.",,
"El-Mansoura , Hussein bek street in front of family regulation office","El-Mansoura , Hussein bek street in front of family regulation office",,
"Shoubra El-Kheima , 15 mayo"" ElshareEl gedidi ""","Shoubra El-Kheima , 15 mayo"" ElshareEl gedidi """,,
El-Ibrahimia,El-Ibrahimia,28.4243751,30.7932891
Miamy,Miamy,-23.4461564,-51.8861956
"El-Rehab , el sadat axis-The corner mall","El-Rehab , el sadat axis-The corner mall",,
"New Cairo , 3rd block","New Cairo , 3rd block",,
El-Haram,El-Haram,29.9942663,31.1604591
"El-Maadi ,  ElNasr","El-Maadi ,  ElNasr",,
"Faisal , Faisal street","Faisal , Faisal street",,
"El-Rehab , Rehab , medical centre 2 , clinic 109","El-Rehab , Rehab , medical centre 2 , clinic 109",,
"Heliopolis , bagdad st.","Heliopolis , bagdad st.",,
"Sporting , Port Saeid St.,","Sporting , Port Saeid St.,",,
"6th of October , El Mehwar El Markazy","6th of October , El Mehwar El Markazy",,
"El-Sheikh Zayed , Twin Towers","El-Sheikh Zayed , Twin Towers",,
El-Mohandessin,El-Mohandessin,30.0583951,31.2020231
Heliopolis,Heliopolis,-10.6753416,-38.2815308
"Heliopolis ,  Bridge","Heliopolis ,  Bridge",,
"Hadayek El-Kobba , Masr El-Soadan","Hadayek El-Kobba , Masr El-Soadan",,
"El-Maadi , algazerr","El-Maadi , algazerr",,
New Cairo,New Cairo,30.0277688,31.4756825
"Faisal , king  Faisal taawon","Faisal , king  Faisal taawon",,
"Faisal ,  Faisal","Faisal ,  Faisal",,
"Nasr City , mostafa el nahhas street","Nasr City , mostafa el nahhas street",,
"Nasr City ,  ahmed el zomor","Nasr City ,  ahmed el zomor",,
El-Mansoura,El-Mansoura,36.786091,9.9000163
El-Ibrahimia,El-Ibrahimia,28.4243751,30.7932891
6th of October,6th of October,29.9723458,30.9409205
El-Haram,El-Haram,29.9942663,31.1604591
Nasr City,Nasr City,30.0521177,31.3422045
Faisal,Faisal,30.0978834,32.4856496
"El-Abbasia , Abdou Pacha Sq.","El-Abbasia , Abdou Pacha Sq.",,
"6th of October , the central axis","6th of October , the central axis",,
"El-Maadi , 153","El-Maadi , 153",,
"El-Mandara , Mohamed Hassanin Hiekel","El-Mandara , Mohamed Hassanin Hiekel",,
"Faisal , Faisal","Faisal , Faisal",,
"Sidy Gaber , Elhoreia","Sidy Gaber , Elhoreia",,
"El-Sheikh Zayed , Medical Hub Center-Khameal City-Gate 2-Infront of Hyperone","El-Sheikh Zayed , Medical Hub Center-Khameal City-Gate 2-Infront of Hyperone",,
Ain Shams,Ain Shams,30.1304761,31.3167491
"El-Marg , Ahmed sediq","El-Marg , Ahmed sediq",,
"Sidy Gaber , Portsaif","Sidy Gaber , Portsaif",,
"El-Haram , Terat Al Zomir Street","El-Haram , Terat Al Zomir Street",,
El-Maadi,El-Maadi,36.6117091,4.6680878
Ain Shams,Ain Shams,30.1304761,31.3167491
"6th of October , elmahwar el markazi","6th of October , elmahwar el markazi",,
"El-Haram ,  Abo emera street","El-Haram ,  Abo emera street",,
"El-Haram , Al Haram street -","El-Haram , Al Haram street -",,
"El-Rehab , Medical center 2 ,  El Rehab City","El-Rehab , Medical center 2 ,  El Rehab City",,
"El-Giza , el gamaa Street","El-Giza , el gamaa Street",,
"El-Haram , El haram St.","El-Haram , El haram St.",,
"El-Haram , Naser althora","El-Haram , Naser althora",,
"El-Rehab , medical park elite next to city square","El-Rehab , medical park elite next to city square",,
El-Maadi,El-Maadi,36.6117091,4.6680878
"6th of October , 71 fadan","6th of October , 71 fadan",,
"El-Rehab , Rehab , medical centre 2 , clinic 109","El-Rehab , Rehab , medical centre 2 , clinic 109",,
"Heliopolis , bagdad st.","Heliopolis , bagdad st.",,
"Heliopolis , El Merghany","Heliopolis , El Merghany",,
"El-Sheikh Zayed , Twin Towers","El-Sheikh Zayed , Twin Towers",,
El-Mansoura,El-Mansoura,36.786091,9.9000163
El-Ibrahimia,El-Ibrahimia,28.4243751,30.7932891
6th of October,6th of October,29.9723458,30.9409205
El-Haram,El-Haram,29.9942663,31.1604591
Nasr City,Nasr City,30.0521177,31.3422045
"Heliopolis , abu bakr el sedeek saffir sqaure","Heliopolis , abu bakr el sedeek saffir sqaure",,
"El-Ibrahimia , abokeir road","El-Ibrahimia , abokeir road",,
Faisal,Faisal,30.0978834,32.4856496
Heliopolis,Heliopolis,-10.6753416,-38.2815308
"8th district, Above Ragab's Sons s market - mall five stars 2 new floor","8th district, Above Ragab's Sons s market - mall five stars 2 new floor",,
"Nasr City , ahmed elzomr","Nasr City , ahmed elzomr",,
"Nasr City , Abu Dawood Al-Zahery","Nasr City , Abu Dawood Al-Zahery",,
"Ain Shams , Seha street","Ain Shams , Seha street",,
Beverly Hills,Beverly Hills,34.0696501,-118.3963062
El-Mansoura,El-Mansoura,36.786091,9.9000163
"Hadayek El-Ahram , zen","Hadayek El-Ahram , zen",,
"New Cairo , North","New Cairo , North",,
"El-Haram , Al Haram street","El-Haram , Al Haram street",,
"El-Agamy , -salah el awdy st.","El-Agamy , -salah el awdy st.",,
"6th of October , nagda square","6th of October , nagda square",,
"El-Marg , Ahmed sediq","El-Marg , Ahmed sediq",,
Ain Shams,Ain Shams,30.1304761,31.3167491
El-Zagazig,El-Zagazig,30.5950402,31.5125611
"El-Maadi , 153","El-Maadi , 153",,
"6th of October , the central axis","6th of October , the central axis",,
"El-Mandara , Mohamed Hassanin Hiekel","El-Mandara , Mohamed Hassanin Hiekel",,
"Smouha , Victor Ammanuel St.","Smouha , Victor Ammanuel St.",,
"El-Maadi , 9","El-Maadi , 9",,
"El-Maadi , Horreya Square","El-Maadi , Horreya Square",,
"Sidy Gaber , Portsaif","Sidy Gaber , Portsaif",,
"El-Haram , Terat Al Zomir Street","El-Haram , Terat Al Zomir Street",,
El-Maadi,El-Maadi,36.6117091,4.6680878
Ain Shams,Ain Shams,30.1304761,31.3167491
"6th of October , elmahwar el markazi","6th of October , elmahwar el markazi",,
"Sidy Gaber , Elhoreia","Sidy Gaber , Elhoreia",,
"El-Sheikh Zayed , Medical Hub Center-Khameal City-Gate 2-Infront of Hyperone","El-Sheikh Zayed , Medical Hub Center-Khameal City-Gate 2-Infront of Hyperone",,
"El-Haram ,  Abo emera street","El-Haram ,  Abo emera street",,
"El-Haram , Al Haram street -","El-Haram , Al Haram street -",,
El-Mansoura,El-Mansoura,36.786091,9.9000163
El-Ibrahimia,El-Ibrahimia,28.4243751,30.7932891
6th of October,6th of October,29.9723458,30.9409205
El-Haram,El-Haram,29.9942663,31.1604591
Nasr City,Nasr City,30.0521177,31.3422045
"Nasr City , Afracia street-extention of mostafa elnahas street-9 th zone-after PIZZA HUT restaurant","Nasr City , Afracia street-extention of mostafa elnahas street-9 th zone-after PIZZA HUT restaurant",,
"8th district, Above Ragab's Sons s market - mall five stars 2 new floor","8th district, Above Ragab's Sons s market - mall five stars 2 new floor",,
"Nasr City , Abu Dawood Al-Zahery","Nasr City , Abu Dawood Al-Zahery",,
"New Cairo , North","New Cairo , North",,
"El-Mansoura , Hussein bek street in front of family regulation office","El-Mansoura , Hussein bek street in front of family regulation office",,
"6th of October , nagda square","6th of October , nagda square",,
"El Minya City , Elgomhorya street","El Minya City , Elgomhorya street",,
"El-Sheikh Zayed , Twin Towers, 26 July Corridor","El-Sheikh Zayed , Twin Towers, 26 July Corridor",,
"Assiut city , Al Helaly","Assiut city , Al Helaly",,
"El-Haram , Al Haram street","El-Haram , Al Haram street",,
"10 Mohamed Awad st, branched from Makram Ebeid","10 Mohamed Awad st, branched from Makram Ebeid",,
"El-Mansoura , gehan st","El-Mansoura , gehan st",,
"El-Mokattam , central Street, from 9 street","El-Mokattam , central Street, from 9 street",,
"New Cairo , Next to Al baraka Mall","New Cairo , Next to Al baraka Mall",,
"El-Ibrahimia , portsaid","El-Ibrahimia , portsaid",,
"Helwan , mohamed sayed ahmed street with rayel street","Helwan , mohamed sayed ahmed street with rayel street",,
Ain Shams,Ain Shams,30.1304761,31.3167491
"El-Ibrahimia , port Said","El-Ibrahimia , port Said",,
"El-Abbasia , sergany st-abdo basha","El-Abbasia , sergany st-abdo basha",,
"El-Mohandessin , El Kawser street","El-Mohandessin , El Kawser street",,
El-Mansoura,El-Mansoura,36.786091,9.9000163
El-Ibrahimia,El-Ibrahimia,28.4243751,30.7932891
6th of October,6th of October,29.9723458,30.9409205
El-Haram,El-Haram,29.9942663,31.1604591
Nasr City,Nasr City,30.0521177,31.3422045
"El-Sheikh Zayed , -Badr Eldeen Mall","El-Sheikh Zayed , -Badr Eldeen Mall",,
"El-Zaitoun , selem el awl","El-Zaitoun , selem el awl",,
"Shoubra ,  Al Taraa Al Bolaqiea","Shoubra ,  Al Taraa Al Bolaqiea",,
"Heliopolis , gesr suez","Heliopolis , gesr suez",,
"Tanta , Saad Zaghlool square-loaloa Tanta Tower-Above eltwheed w elnoor","Tanta , Saad Zaghlool square-loaloa Tanta Tower-Above eltwheed w elnoor",,
"6th of October , Prima-vista medical center","6th of October , Prima-vista medical center",,
"El-Dokki , El Tahrir St.","El-Dokki , El Tahrir St.",,
"Heliopolis , Aboubakr Elsedik street-Safeer Square-Above ezz Eldeen pharmacy","Heliopolis , Aboubakr Elsedik street-Safeer Square-Above ezz Eldeen pharmacy",,
"El-Haram , El talateny elgded of ezz el din omar","El-Haram , El talateny elgded of ezz el din omar",,
"El-Mokattam ,  Al Eman Mosque","El-Mokattam ,  Al Eman Mosque",,
"Sidy Bishr , Gamal abelnasser st.","Sidy Bishr , Gamal abelnasser st.",,
"El-Sheikh Zayed , Twin Towers-Damas Dental Center","El-Sheikh Zayed , Twin Towers-Damas Dental Center",,
"Assiut city , Youssry Ragheb St.","Assiut city , Youssry Ragheb St.",,
El Minya City,El Minya City,28.0893325,30.7570623
"Hadayek El-Ahram , Ahmed Bedeer","Hadayek El-Ahram , Ahmed Bedeer",,
"Helwan , riad","Helwan , riad",,
"Helwan , mouhamed sayed ahmed street/rayel stret","Helwan , mouhamed sayed ahmed street/rayel stret",,
"Faisal , el arabeen elmaskeen","Faisal , el arabeen elmaskeen",,
"El-Maadi , street 108","El-Maadi , street 108",,
"West El-Balad , Adly","West El-Balad , Adly",,
"Heliopolis , abu bakr el sedeek saffir sqaure","Heliopolis , abu bakr el sedeek saffir sqaure",,
"Hadayek El-Ahram , zen","Hadayek El-Ahram , zen",,
"El-Ibrahimia , abokeir road","El-Ibrahimia , abokeir road",,
"Heliopolis , El Khalifa El Mamoun street","Heliopolis , El Khalifa El Mamoun street",,
Faisal,Faisal,30.0978834,32.4856496
Heliopolis,Heliopolis,-10.6753416,-38.2815308
Ain Shams,Ain Shams,30.1304761,31.3167491
Beverly Hills,Beverly Hills,34.0696501,-118.3963062
"Helwan , mohamed sayed ahmed street with rayel street","Helwan , mohamed sayed ahmed street with rayel street",,
"El-Abbasia , sergany st-abdo basha","El-Abbasia , sergany st-abdo basha",,
El-Mansoura,El-Mansoura,36.786091,9.9000163
El-Ibrahimia,El-Ibrahimia,28.4243751,30.7932891
6th of October,6th of October,29.9723458,30.9409205
El-Haram,El-Haram,29.9942663,31.1604591
Nasr City,Nasr City,30.0521177,31.3422045
"El-Manyal , Manial Museum Street","El-Manyal , Manial Museum Street",,
"El-Haram , Ezz El-Deen Omar Arish station Behind misr Bank","El-Haram , Ezz El-Deen Omar Arish station Behind misr Bank",,
"El-Sheikh Zayed , Beverly Hills-gate 9","El-Sheikh Zayed , Beverly Hills-gate 9",,
"Nasr City , Makram Abeid","Nasr City , Makram Abeid",,
"El-Shorouk , grand mall third east expansions","El-Shorouk , grand mall third east expansions",,
El-Mansoura,El-Mansoura,36.786091,9.9000163
"El-Shorouk , main road (Gate 1 ismallia road)","El-Shorouk , main road (Gate 1 ismallia road)",,
"El-Maadi , EL Laselky street-beside Moamen square","El-Maadi , EL Laselky street-beside Moamen square",,
"Nasr City , abo dawood zahry","Nasr City , abo dawood zahry",,
"El-Dokki , El Tahrir st.","El-Dokki , El Tahrir st.",,
"Heliopolis , othman ibn affan- Ismailia square","Heliopolis , othman ibn affan- Ismailia square",,
"El-Sheikh Zayed , elshabab","El-Sheikh Zayed , elshabab",,
"Hadayek El-Kobba , Elgrash","Hadayek El-Kobba , Elgrash",,
"El-Mansoura , Al seka algdeda","El-Mansoura , Al seka algdeda",,
"Imbaba , Main wehda street","Imbaba , Main wehda street",,
El-Sheikh Zayed,El-Sheikh Zayed,30.048347,30.9832235
"Ain Shams , 70 Khaled Ebn El Waleed st., From Mostafa Hafez st., Beside Zaher, Guesr El Suez st., In front of El Shams club","Ain Shams , 70 Khaled Ebn El Waleed st., From Mostafa Hafez st., Beside Zaher, Guesr El Suez st., In front of El Shams club",,
"6th of October , 7th distric, 1st neigborhood","6th of October , 7th distric, 1st neigborhood",,
"Faisal , hassan mohamed station-Feisal","Faisal , hassan mohamed station-Feisal",,
"Faisal , King Faisal street","Faisal , King Faisal street",,
"Hadayek El-Ahram , District G First Gate","Hadayek El-Ahram , District G First Gate",,
"El-Rehab , Medical Center 3 clinic 209","El-Rehab , Medical Center 3 clinic 209",,
"El-Maadi , 233","El-Maadi , 233",,
"New Cairo , Mostafa kamel","New Cairo , Mostafa kamel",,
"Mahalla , Al Fareek Reda Hafez st.","Mahalla , Al Fareek Reda Hafez st.",,
"El-Haram , khatam Al Morsalen Street","El-Haram , khatam Al Morsalen Street",,
"Bakos , elhelal nady str","Bakos , elhelal nady str",,
"El-Dokki , El Tahrir street","El-Dokki , El Tahrir street",,
"New Cairo , medical park 1","New Cairo , medical park 1",,
"El-Sheikh Zayed , Downtown mall","El-Sheikh Zayed , Downtown mall",,
"6th of October , Prima-vista medical center","6th of October , Prima-vista medical center",,
"Nasr City , Afracia street-extention of mostafa elnahas street-9 th zone-after PIZZA HUT restaurant","Nasr City , Afracia street-extention of mostafa elnahas street-9 th zone-after PIZZA HUT restaurant",,
"El-Sheikh Zayed , -Badr Eldeen Mall","El-Sheikh Zayed , -Badr Eldeen Mall",,
Helwan,Helwan,29.8500001,31.333333
"El-Dokki , El Tahrir St.","El-Dokki , El Tahrir St.",,
"El-Badrashin , Athar Saqara","El-Badrashin , Athar Saqara",,
"El-Agamy , Alex Matrouh Road-Abo Youssef-Besides Elsaberen Mosque","El-Agamy , Alex Matrouh Road-Abo Youssef-Besides Elsaberen Mosque",,
"Banha , Saad Zaghloul Street - Anani Tower","Banha , Saad Zaghloul Street - Anani Tower",,
"El-Shorouk , Al shorouk","El-Shorouk , Al shorouk",,
"Assiut city , thabet Street","Assiut city , thabet Street",,
"El-Mansoura , Gehan","El-Mansoura , Gehan",,
"El-Amreya , Elamreya","El-Amreya , Elamreya",,
"El-Zagazig , Salah salem Clinics,,Salah Salem St","El-Zagazig , Salah salem Clinics,,Salah Salem St",,
"Nasr City , nasr st","Nasr City , nasr st",,
"Hadayek El-Kobba , misr wa alsudan","Hadayek El-Kobba , misr wa alsudan",,
"Shibin El-Kom , Abdelkhalek Street from Assem Hama Street","Shibin El-Kom , Abdelkhalek Street from Assem Hama Street",,
"El-Mansoura , Elgendy Tower fromGehan El Sadat Street","El-Mansoura , Elgendy Tower fromGehan El Sadat Street",,
"Damanhur , abd elsalam el shazly","Damanhur , abd elsalam el shazly",,
"Nasr City ,  Elnozha st.","Nasr City ,  Elnozha st.",,
"El-Maadi , Kornish Maadi street","El-Maadi , Kornish Maadi street",,
"Heliopolis , Hassan Sadek from elmarghany street","Heliopolis , Hassan Sadek from elmarghany street",,
"Tanta , The intersection of Al Bahr Street with Al Khan","Tanta , The intersection of Al Bahr Street with Al Khan",,
"Shoubra , Solwans St from Shoubra st - menyt elserg","Shoubra , Solwans St from Shoubra st - menyt elserg",,
"El-Rehab , The Fount Mall North investors","El-Rehab , The Fount Mall North investors",,
"Stanley , El- Gaish Roaf","Stanley , El- Gaish Roaf",,
"Smouha ,  Fawzy Moaz","Smouha ,  Fawzy Moaz",,
"Hadayek El-Kobba , lotfy el sayed","Hadayek El-Kobba , lotfy el sayed",,
"Bahary , safr basha","Bahary , safr basha",,
"El-Zagazig , Elmahad Eldeny street","El-Zagazig , Elmahad Eldeny street",,
"Tanta , Segar St","Tanta , Segar St",,
"Nasr City , anwar elmofty","Nasr City , anwar elmofty",,
"El-Sheikh Zayed , Khamael City-gate 4-administration gates-infront of GLOURS School","El-Sheikh Zayed , Khamael City-gate 4-administration gates-infront of GLOURS School",,
"Heliopolis , Cleopatra St","Heliopolis , Cleopatra St",,
"Sidy Gaber , Super Jet Square Street","Sidy Gaber , Super Jet Square Street",,
"Roshdy , Elhoreya street-Roshdy","Roshdy , Elhoreya street-Roshdy",,
"Mahalla , shon","Mahalla , shon",,
"Mahalla , shon","Mahalla , shon",,
"El-Sheikh Zayed , Elmehwar Elmarkazi","El-Sheikh Zayed , Elmehwar Elmarkazi",,
"El-Sheikh Zayed , Elmehwar Elmarkazi","El-Sheikh Zayed , Elmehwar Elmarkazi",,
"Nasr City , EL Nasr ST","Nasr City , EL Nasr ST",,
"Nasr City , EL Nasr ST","Nasr City , EL Nasr ST",,
"New Cairo , S. Teseen","New Cairo , S. Teseen",,
"New Cairo , S. Teseen","New Cairo , S. Teseen",,
"El-Sheikh Zayed , District 12 Courtyard zayed","El-Sheikh Zayed , District 12 Courtyard zayed",,
"El-Mansoura , Elnour Tower-Salah Salem Street-Talkha","El-Mansoura , Elnour Tower-Salah Salem Street-Talkha",,
"El-Shorouk , Panorama Mall Street","El-Shorouk , Panorama Mall Street",,
"El-Shorouk , Panorama Mall Street","El-Shorouk , Panorama Mall Street",,
"Shibin El-Kom , gamal abdelnaser bahary street","Shibin El-Kom , gamal abdelnaser bahary street",,
"Shibin El-Kom , gamal abdelnaser bahary street","Shibin El-Kom , gamal abdelnaser bahary street",,
"Nasr City , Osman Buildings-Ali Amin Street Extension Of Mostafa Elnahas Street-Above Seventh District Post Office","Nasr City , Osman Buildings-Ali Amin Street Extension Of Mostafa Elnahas Street-Above Seventh District Post Office",,
"Nasr City , Osman Buildings-Ali Amin Street Extension Of Mostafa Elnahas Street-Above Seventh District Post Office","Nasr City , Osman Buildings-Ali Amin Street Extension Of Mostafa Elnahas Street-Above Seventh District Post Office",,
"Birket El Sabea , western side","Birket El Sabea , western side",,
"Birket El Sabea , western side","Birket El Sabea , western side",,
"El-Haram , Al Haram street In front of Gad","El-Haram , Al Haram street In front of Gad",,
"El-Haram , Al Haram street In front of Gad","El-Haram , Al Haram street In front of Gad",,
"New Cairo , North Teseen","New Cairo , North Teseen",,
"Nasr City , Ibn el nafees street","Nasr City , Ibn el nafees street",,
"Faisal , faisal street","Faisal , faisal street",,
"Boulaq El Dakrour , Mohamed Ibrahim Street-At the intersection of nahya street","Boulaq El Dakrour , Mohamed Ibrahim Street-At the intersection of nahya street",,
"El-Mansoura , hussen bek street","El-Mansoura , hussen bek street",,
"Smouha , Bahaa Eldin Elghatwary Street-","Smouha , Bahaa Eldin Elghatwary Street-",,
"6th of October , Prima Vista Medical-Elmehwar Elmarkazi","6th of October , Prima Vista Medical-Elmehwar Elmarkazi",,
"Nasr City , EL Nasr ST","Nasr City , EL Nasr ST",,
"Shibin Al Qanater , Old Labor Office Street","Shibin Al Qanater , Old Labor Office Street",,
"Mahalla , El Bahr.Alshoun","Mahalla , El Bahr.Alshoun",,
"Heliopolis , Nehro,Heliopolis","Heliopolis , Nehro,Heliopolis",,
"Nasr City ,  Metwally elsharawy","Nasr City ,  Metwally elsharawy",,
"El-Mansoura , streert beside El Adeeb street","El-Mansoura , streert beside El Adeeb street",,
"Smouha , el Nasr street","Smouha , el Nasr street",,
"Damietta El Gadeeda , mahgoub street","Damietta El Gadeeda , mahgoub street",,
"Tanta , Botros","Tanta , Botros",,
"Faisal , Ahmed esmail street branched from Kaaebesh Street-besides Sayed Elsherbiny Beauty Center","Faisal , Ahmed esmail street branched from Kaaebesh Street-besides Sayed Elsherbiny Beauty Center",,
"Loran , El Horreya Street","Loran , El Horreya Street",,
"El-Haram , Elharam","El-Haram , Elharam",,
"El-Shorouk , Panorama Mall Street","El-Shorouk , Panorama Mall Street",,
"El-Mansoura , Gomhoria","El-Mansoura , Gomhoria",,
"El-Ibrahimia , Lagatia Street","El-Ibrahimia , Lagatia Street",,
"El-Dokki , null","El-Dokki , null",,
"Nasr City , Street 11","Nasr City , Street 11",,
"El-Mansoura , Gomhoria","El-Mansoura , Gomhoria",,
"El-Mansoura , Gomhoria","El-Mansoura , Gomhoria",,
"El-Mansoura , Gomhoria","El-Mansoura , Gomhoria",,
"El-Mansoura , Gomhoria","El-Mansoura , Gomhoria",,
"6th of October , above el-mokhtbar laboratory","6th of October , above el-mokhtbar laboratory",,
"West El-Balad , Alabagieah Buildings-Elsayeda Aisha","West El-Balad , Alabagieah Buildings-Elsayeda Aisha",,
"Nasr City , EL Nasr ST","Nasr City , EL Nasr ST",,
"El-Zagazig , the beginning of Farooq st","El-Zagazig , the beginning of Farooq st",,
"El-Sheikh Zayed , District 12 Courtyard zayed","El-Sheikh Zayed , District 12 Courtyard zayed",,
"Hadayek El-Kobba , Teraet elgendy st","Hadayek El-Kobba , Teraet elgendy st",,
"Janaklees , Abo Qir street","Janaklees , Abo Qir street",,
"Tanta , Elmoderia","Tanta , Elmoderia",,
"Nasr City , Makram Ebaid","Nasr City , Makram Ebaid",,
"Faisal , Faisal street - Talbeia","Faisal , Faisal street - Talbeia",,
"Shoubra , shopra","Shoubra , shopra",,
"Hadayek Helwan , almonzer","Hadayek Helwan , almonzer",,
"New Cairo , north teseen street","New Cairo , north teseen street",,
"El-Shorouk , Panorama Mall Street","El-Shorouk , Panorama Mall Street",,
"Moharam Bek , Galal El Dosoky street -Wabour El Meah","Moharam Bek , Galal El Dosoky street -Wabour El Meah",,
"6th of October , above el-mokhtbar laboratory","6th of October , above el-mokhtbar laboratory",,
"West El-Balad , Alabagieah Buildings-Elsayeda Aisha","West El-Balad , Alabagieah Buildings-Elsayeda Aisha",,
"El-Maadi , nasr st elgazaaer st","El-Maadi , nasr st elgazaaer st",,
"Damietta El Gadeeda , Centeral Area","Damietta El Gadeeda , Centeral Area",,
"Nasr City , EL Nasr ST","Nasr City , EL Nasr ST",,
"El-Manyal , El-Manyal street","El-Manyal , El-Manyal street",,
"El-Zagazig , the beginning of Farooq st","El-Zagazig , the beginning of Farooq st",,
"Hadayek El-Kobba , Teraet elgendy st","Hadayek El-Kobba , Teraet elgendy st",,
"Tanta , Elmoderia","Tanta , Elmoderia",,
"El-Giza , Hamadan","El-Giza , Hamadan",,
"Heliopolis , 77 Abd ElHamid Badawy St. - Heliopolis - In front of El Shams Club - Above Spectra Restaurant .","Heliopolis , 77 Abd ElHamid Badawy St. - Heliopolis - In front of El Shams Club - Above Spectra Restaurant .",,
"Faisal , Faisal street - Talbeia","Faisal , Faisal street - Talbeia",,
"Shoubra , shopra","Shoubra , shopra",,
"New Cairo , north teseen street","New Cairo , north teseen street",,
"Smouha , smouha garden city","Smouha , smouha garden city",,
"El-Mansoura , Elnour Tower-Salah Salem Street-Talkha","El-Mansoura , Elnour Tower-Salah Salem Street-Talkha",,
"Heliopolis , Nehro,Heliopolis","Heliopolis , Nehro,Heliopolis",,
"Heliopolis , Othman bin Afan","Heliopolis , Othman bin Afan",,
"El-Rehab , Medical Park Elite","El-Rehab , Medical Park Elite",,
"Moharam Bek , Galal El Dosoky street -Wabour El Meah","Moharam Bek , Galal El Dosoky street -Wabour El Meah",,
"El-Mansoura , Gomhoria","El-Mansoura , Gomhoria",,
"Heliopolis , Ahmed el Dardiry, Ard El Golf","Heliopolis , Ahmed el Dardiry, Ard El Golf",,
"Nasr City , Ahmed Alzumor street","Nasr City , Ahmed Alzumor street",,
"El-Rehab , Infront of gate 6","El-Rehab , Infront of gate 6",,
"El-Mohandessin , Alfawakh St","El-Mohandessin , Alfawakh St",,
"El-Sheikh Zayed , elmoaz plaza","El-Sheikh Zayed , elmoaz plaza",,
"Fakous , Mostafa Kamel Street","Fakous , Mostafa Kamel Street",,
"Smouha , victor emmanual","Smouha , victor emmanual",,
"Hadayek Helwan , almonzer","Hadayek Helwan , almonzer",,
"El-Shorouk , Panorama Mall Street","El-Shorouk , Panorama Mall Street",,
"Janaklees , Abo Qir street","Janaklees , Abo Qir street",,
"El-Mansoura , Gomhoria","El-Mansoura , Gomhoria",,
"Damanhur , the garden street","Damanhur , the garden street",,
"Heliopolis , Mohamed Al Dahan from Nabile Al Wakad","Heliopolis , Mohamed Al Dahan from Nabile Al Wakad",,
"Heliopolis , mohamed farid","Heliopolis , mohamed farid",,
"Hadayek El-Kobba , Alzawia Alhamraa","Hadayek El-Kobba , Alzawia Alhamraa",,
"Sporting , portsaid","Sporting , portsaid",,
"Smouha , Fawzy Moaaz street","Smouha , Fawzy Moaaz street",,
"6th of October , 16th unit - city stars","6th of October , 16th unit - city stars",,
"El-Mohandessin , Alfawakh St","El-Mohandessin , Alfawakh St",,
"El-Sheikh Zayed , elmoaz plaza","El-Sheikh Zayed , elmoaz plaza",,
"Fakous , Mostafa Kamel Street","Fakous , Mostafa Kamel Street",,
"Smouha , victor emmanual","Smouha , victor emmanual",,
"Heliopolis , Ahmed el Dardiry, Ard El Golf","Heliopolis , Ahmed el Dardiry, Ard El Golf",,
"Nasr City , Ahmed Alzumor street","Nasr City , Ahmed Alzumor street",,
"El-Rehab , Infront of gate 6","El-Rehab , Infront of gate 6",,
"El-Mansoura , Gomhoria","El-Mansoura , Gomhoria",,
"Heliopolis , Nehro,Heliopolis","Heliopolis , Nehro,Heliopolis",,
"El-Sheikh Zayed , twin towers","El-Sheikh Zayed , twin towers",,
"Heliopolis , mohamed farid","Heliopolis , mohamed farid",,
"Hadayek El-Kobba , Alzawia Alhamraa","Hadayek El-Kobba , Alzawia Alhamraa",,
"Sporting , portsaid","Sporting , portsaid",,
"Smouha , Fawzy Moaaz street","Smouha , Fawzy Moaaz street",,
"6th of October , 16th unit - city stars","6th of October , 16th unit - city stars",,
"El-Mansoura , Gomhoria","El-Mansoura , Gomhoria",,
"Damanhur , the garden street","Damanhur , the garden street",,
"Heliopolis , mohamed farid","Heliopolis , mohamed farid",,
"Sporting , portsaid","Sporting , portsaid",,
"Smouha , Fawzy Moaaz street","Smouha , Fawzy Moaaz street",,
"6th of October , 16th unit - city stars","6th of October , 16th unit - city stars",,
"Tanta , tanta sharawy st","Tanta , tanta sharawy st",,
"El Salam City , ElRabeaa Street-Branched From Omar Ibn Elkhatab Street-Gesr ElSuez","El Salam City , ElRabeaa Street-Branched From Omar Ibn Elkhatab Street-Gesr ElSuez",,
"El-Sheikh Zayed , Elmehwar Elmarkazi","El-Sheikh Zayed , Elmehwar Elmarkazi",,
"El-Mansoura , Gomhoria","El-Mansoura , Gomhoria",,
"6th of October , Street 19-vranched from elkhazan street-neighborhood 3-Fifth district","6th of October , Street 19-vranched from elkhazan street-neighborhood 3-Fifth district",,
"El-Sheikh Zayed , ElMehwar Elmarkazi","El-Sheikh Zayed , ElMehwar Elmarkazi",,
"El-Sheikh Zayed , twin towers","El-Sheikh Zayed , twin towers",,
"New Cairo , The  Northen 90 st","New Cairo , The  Northen 90 st",,
"New Cairo , north teseen street","New Cairo , north teseen street",,
"El-Mansoura , Gomhoria","El-Mansoura , Gomhoria",,
"Mahalla , shokry elkoatly","Mahalla , shokry elkoatly",,
"Nasr City , Youssef abaas and Elnasr street interaction","Nasr City , Youssef abaas and Elnasr street interaction",,
"North Coast , Ali Ebn Abi Taleb Street","North Coast , Ali Ebn Abi Taleb Street",,
"Heliopolis , Omar Ibn Al Khattab - Ismailia Sq.","Heliopolis , Omar Ibn Al Khattab - Ismailia Sq.",,
"El-Maadi , 263 street from Al Nasr Road","El-Maadi , 263 street from Al Nasr Road",,
"Damietta El Gadeeda , al azhar hospital","Damietta El Gadeeda , al azhar hospital",,
"El-Shorouk , terrace mall","El-Shorouk , terrace mall",,
"Assiut city , elnemas","Assiut city , elnemas",,
"El-Zaitoun , ElMatarya St","El-Zaitoun , ElMatarya St",,
"El-Maadi , Elmansour Tower-Street 77 infront of Maadi Club Fence","El-Maadi , Elmansour Tower-Street 77 infront of Maadi Club Fence",,
"Faisal , king faisal street- al Marioteya","Faisal , king faisal street- al Marioteya",,
"El-Sheikh Zayed , Downtown mall 2-besides total fuel station","El-Sheikh Zayed , Downtown mall 2-besides total fuel station",,
"Bulkly , Bulkly / Al-Hadaya Tram Station / Al-Khaleej Building (A)","Bulkly , Bulkly / Al-Hadaya Tram Station / Al-Khaleej Building (A)",,
"Port Said City , safya zaghlol and mashrak st","Port Said City , safya zaghlol and mashrak st",,
"6th of October , central axis 5th district - infront of el khazan street","6th of October , central axis 5th district - infront of el khazan street",,
"El-Maadi , Carrefour street","El-Maadi , Carrefour street",,
"Nasr City , block 10 emtedad abo dawoud","Nasr City , block 10 emtedad abo dawoud",,
"6th of October , Street 19-vranched from elkhazan street-neighborhood 3-Fifth district","6th of October , Street 19-vranched from elkhazan street-neighborhood 3-Fifth district",,
"El-Sheikh Zayed , ElMehwar Elmarkazi","El-Sheikh Zayed , ElMehwar Elmarkazi",,
"El-Mansoura , Gomhoria","El-Mansoura , Gomhoria",,
"El-Giza , mourad","El-Giza , mourad",,
"Tanta , Elgish st","Tanta , Elgish st",,
"Heliopolis , El nozha street-Smart Slim Clinic besides Administrative Oversight","Heliopolis , El nozha street-Smart Slim Clinic besides Administrative Oversight",,
"El-Zaitoun , Toman bai","El-Zaitoun , Toman bai",,
"6th of October , Abdelkhalek tharwat","6th of October , Abdelkhalek tharwat",,
"Faisal , king faisal street- al Marioteya","Faisal , king faisal street- al Marioteya",,
"El-Sheikh Zayed , Downtown mall 2-besides total fuel station","El-Sheikh Zayed , Downtown mall 2-besides total fuel station",,
"Bulkly , Bulkly / Al-Hadaya Tram Station / Al-Khaleej Building (A)","Bulkly , Bulkly / Al-Hadaya Tram Station / Al-Khaleej Building (A)",,
"Port Said City , safya zaghlol and mashrak st","Port Said City , safya zaghlol and mashrak st",,
"6th of October , central axis 5th district - infront of el khazan street","6th of October , central axis 5th district - infront of el khazan street",,
"El-Maadi , Carrefour street","El-Maadi , Carrefour street",,
"Nasr City , block 10 emtedad abo dawoud","Nasr City , block 10 emtedad abo dawoud",,
"El-Mansoura , Gomhoria","El-Mansoura , Gomhoria",,
"El-Ismailia city , Shbeen St.","El-Ismailia city , Shbeen St.",,
"El-Mansoura , Suiz Canal Street-ElSabeaa Tower","El-Mansoura , Suiz Canal Street-ElSabeaa Tower",,
"El-Sheikh Zayed , Zayed (Badr) mall","El-Sheikh Zayed , Zayed (Badr) mall",,
"El-Mansoura , new bus street","El-Mansoura , new bus street",,
"Mit Ghamr , el moahda street","Mit Ghamr , el moahda street",,
"El-Mansoura , thawra","El-Mansoura , thawra",,
"El-Giza , Giza Square Al haram street","El-Giza , Giza Square Al haram street",,
"Shibin Al Qanater , mostrad station","Shibin Al Qanater , mostrad station",,
"El-Manyal , el saraya","El-Manyal , el saraya",,
"Heliopolis , ahmed fouad street","Heliopolis , ahmed fouad street",,
"Hadayek El-Ahram , Gardinia Gate-First Gate-Health Happiness Center","Hadayek El-Ahram , Gardinia Gate-First Gate-Health Happiness Center",,
"Ain Shams , Gesr Suez street  - alf maskan square","Ain Shams , Gesr Suez street  - alf maskan square",,
"Helwan , Mahmoud Khater Street cross Abdullah","Helwan , Mahmoud Khater Street cross Abdullah",,
"Mahalla , elmashma square","Mahalla , elmashma square",,
"Nasr City , Abo Dawoud El Zahry","Nasr City , Abo Dawoud El Zahry",,
"Tanta , El-Geish st.  with Al- Galaa st.- Al-Awkaf  tower","Tanta , El-Geish st.  with Al- Galaa st.- Al-Awkaf  tower",,
"El-Mansoura , Gomhoria","El-Mansoura , Gomhoria",,
"El-Maadi , Ellaselki Street-New Maadi","El-Maadi , Ellaselki Street-New Maadi",,
"Heliopolis , Gesr El Swis- El Anaan Tower","Heliopolis , Gesr El Swis- El Anaan Tower",,
"Loran , Maher Bek st,","Loran , Maher Bek st,",,
"New Cairo , North teseen street","New Cairo , North teseen street",,
"Tanta , algalaa","Tanta , algalaa",,
"Heliopolis , El khalefa Elmamoan St","Heliopolis , El khalefa Elmamoan St",,
"Mahalla , Elshoun 23 Yolio street","Mahalla , Elshoun 23 Yolio street",,
"El-Maadi , El horreya square Street","El-Maadi , El horreya square Street",,
"Mahalla , alshoun square al asar steet","Mahalla , alshoun square al asar steet",,
"Nasr City , Abbas Elakad Street","Nasr City , Abbas Elakad Street",,
"Hadayek El-Kobba , Masr we El Sudan","Hadayek El-Kobba , Masr we El Sudan",,
"Heliopolis , Ahmad El-Tahawi","Heliopolis , Ahmad El-Tahawi",,
"Mahalla , waboor alnor","Mahalla , waboor alnor",,
"Mahalla , Talaat Harb Square","Mahalla , Talaat Harb Square",,
"El-Obour City , First District - Hijaz Center","El-Obour City , First District - Hijaz Center",,
"Hadayek El-Ahram , Elgiesh Street-Gate 4 Besides Reayah Pharmacy","Hadayek El-Ahram , Elgiesh Street-Gate 4 Besides Reayah Pharmacy",,
"West El-Balad , alfy","West El-Balad , alfy",,
"El-Ismailia city , Shbeen St.","El-Ismailia city , Shbeen St.",,
"El-Mansoura , Suiz Canal Street-ElSabeaa Tower","El-Mansoura , Suiz Canal Street-ElSabeaa Tower",,
"El-Sheikh Zayed , Zayed (Badr) mall","El-Sheikh Zayed , Zayed (Badr) mall",,
"El-Mansoura , new bus street","El-Mansoura , new bus street",,
"Mit Ghamr , el moahda street","Mit Ghamr , el moahda street",,
"El-Mansoura , thawra","El-Mansoura , thawra",,
"El-Giza , Giza Square Al haram street","El-Giza , Giza Square Al haram street",,
"Shibin Al Qanater , mostrad station","Shibin Al Qanater , mostrad station",,
"El-Manyal , el saraya","El-Manyal , el saraya",,
El-Mansoura,El-Mansoura,36.786091,9.9000163
El-Ibrahimia,El-Ibrahimia,28.4243751,30.7932891
6th of October,6th of October,29.9723458,30.9409205
El-Haram,El-Haram,29.9942663,31.1604591
Nasr City,Nasr City,30.0521177,31.3422045
"El-Ibrahimia , Omar Lotfy st lteram","El-Ibrahimia , Omar Lotfy st lteram",,
"El-Haram , Khofo street - El kom El Akhdar - Haram","El-Haram , Khofo street - El kom El Akhdar - Haram",,
"Heliopolis , el sawra","Heliopolis , el sawra",,
"Victoria , El Galaa St.","Victoria , El Galaa St.",,
"Heliopolis , Mostafa Refaat","Heliopolis , Mostafa Refaat",,
"El-Manyal , El Manyal","El-Manyal , El Manyal",,
"Victoria , El Galaa St.","Victoria , El Galaa St.",,
"Tanta , El Gaish st","Tanta , El Gaish st",,
"New Cairo , Corner mall In front of El Rehab","New Cairo , Corner mall In front of El Rehab",,
"El-Maadi ,  El Horya Square","El-Maadi ,  El Horya Square",,
"El-Matareya , Beet El Ezz 2 building - Matareya square - Building A - Third floor","El-Matareya , Beet El Ezz 2 building - Matareya square - Building A - Third floor",,
"6th of October , Safa Clinics, Magda Square, Beside Resala, 6th October","6th of October , Safa Clinics, Magda Square, Beside Resala, 6th October",,
"Tanta , Elnahas cross kafr essam","Tanta , Elnahas cross kafr essam",,
"Nasr City , 11 rabea buldings , behind tom & Bassal , 2nd floor","Nasr City , 11 rabea buldings , behind tom & Bassal , 2nd floor",,
"Miamy , Gamal AbdelNasser st","Miamy , Gamal AbdelNasser st",,
"El-Mohandessin ,  shehab street","El-Mohandessin ,  shehab street",,
"El-Dokki , altahrir","El-Dokki , altahrir",,
"El-Mansoura , abbasi street","El-Mansoura , abbasi street",,
Faisal,Faisal,30.0978834,32.4856496
"Faisal , 27elshahid Ahmad Hamdy","Faisal , 27elshahid Ahmad Hamdy",,
